title ;url;product_id;;
llaollao-resort-bedroom;https://llaollao.com/files/gallery/jeremiasthomas011-2.jpg;1;;
llaollao-resort-suit;https://llaollao.com/files/gallery/superior-mat-2.jpg;1;;
llaollao-bathroom;https://t-cf.bstatic.com/xdata/images/hotel/max1024x768/360924734.jpg?k=19d1673259444a9c081a5a08f5bfd2a4e01de83efe673827a088a0c236f6f4a6&o=&hp=1;1;;
llaollao-lake;https://t-cf.bstatic.com/xdata/images/hotel/max1024x768/360924714.jpg?k=7fc84cf442e74fba33e0a96d860189a55f742b48549644ce154702b5f5e84016&o=&hp=1;1;;
llaollao-livingroom;https://t-cf.bstatic.com/xdata/images/hotel/max1024x768/360924659.jpg?k=b204214db4d2068f28d2f6bdd47f5499d1e560fda5a2ccb1018110cfa2d20545&o=&hp=1;1;;
hotel-restaurant;https://dynamic-media-cdn.tripadvisor.com/media/photo-o/23/2a/1d/81/lecrans-hotel-spa.jpg?w=1200&h=-1&s=1;2;;
hotel-oudoor;https://dynamic-media-cdn.tripadvisor.com/media/photo-o/22/1e/4c/a2/lecrans-hotel.jpg?w=1200&h=-1&s=1;2;;
hotel-fireplace;https://dynamic-media-cdn.tripadvisor.com/media/photo-o/22/00/01/14/lemontblanc-restaurant.jpg?w=1200&h=-1&s=1;2;;
hotel-balcony;https://dynamic-media-cdn.tripadvisor.com/media/photo-o/19/59/a2/e1/photo1jpg.jpg?w=1200&h=-1&s=1;2;;
hotel-hall;https://imgcy.trivago.com/c_limit,d_dummy.jpeg,f_auto,h_1300,q_auto,w_2000/uploadimages/53/05/53050612.jpeg;2;;
glamping-mountain;http://glampingsouth.com/admin/wp-content/uploads/2020/06/SLIDE-3.jpg;3;;
glamping-kayak;http://glampingsouth.com/admin/wp-content/uploads/2020/06/SLIDE.jpg;3;;
glamping-camp;http://glampingsouth.com/admin/wp-content/uploads/2020/06/SLIDE-5.jpg;3;;
glamping-tent;http://glampingsouth.com/admin/wp-content/uploads/2020/06/SLIDE-2.jpg;3;;
glamping-activity;https://media.staticontent.com/media/pictures/f0cab97d-5eb8-4da3-bd81-6820638d3b09;3;;
hostel-bedroom;https://cf.bstatic.com/xdata/images/hotel/max1280x900/304984606.jpg?k=eecc806c71072586a2b53c0576ad912f96b12fdb2e02ef2b84c208d2b3f1c467&o=&hp=1;4;;
hostel-livingroom-justina;https://cf.bstatic.com/xdata/images/hotel/max1280x900/304997478.jpg?k=3d13b3e95966de9e616ad6a5a4a4ca0fbee2c606e62752f510214183cd5d7623&o=&hp=1;4;;
hostel-bedroom2-justina;https://cf.bstatic.com/xdata/images/hotel/max1024x768/304985844.jpg?k=cd35e575fe4093cc445744262a5b0d7e49b1d64bda317992090337c8b42f8778&o=&hp=1;4;;
hostel-dinninroom;https://cf.bstatic.com/xdata/images/hotel/max1280x900/193339356.jpg?k=396a6e317a49ed342e42a4849778e68957a1b588b421099b3a3d56cfd2c13f26&o=&hp=1;4;;
hostel-scene-justina;https://cf.bstatic.com/xdata/images/hotel/max1024x768/263439806.jpg?k=7e64e502c997c59de1ad09fb0e10130f289fcdce7a44d0500f6192a12d142834&o=&hp=1;4;;
resort-scene;http://cafayatewineresort.com/imagenes/gallery/cafayate-wr-hotel-8.jpg;5;;
resort-breakfast;http://cafayatewineresort.com/imagenes/gallery/cafayate-wr-hotel-2.jpg;5;;
resort-activity;http://cafayatewineresort.com/imagenes/gallery/cafayate-wr-hotel-33.jpg;5;;
resort-relax;http://cafayatewineresort.com/imagenes/gallery/cafayate-wr-hotel-35.jpg;5;;
resort-swimmingpool;http://cafayatewineresort.com/imagenes/gallery/cafayate-wr-hotel-6.jpg;5;;
hotel-hall;https://cf.bstatic.com/xdata/images/hotel/max1024x768/61567001.jpg?k=7ee1030dfcc8cc8004f34d2e9af6ff74ecac9f8459b84f1d74952baa6ab05e52&o=&hp=1;6;;
hotel-wine;https://cf.bstatic.com/xdata/images/hotel/max1024x768/106913785.jpg?k=91e1c45dfa588f439a374ae8fafbefe3f1e49bf6549cc30052fabcfe4dfa90ab&o=&hp=1;6;;
hotel-bathroom;https://cf.bstatic.com/xdata/images/hotel/max1024x768/28274941.jpg?k=f2746e047721bf4d234fd504a1771a5f4215f496dfbf676a6fcba46ea561f1d4&o=&hp=1;6;;
hotel-swimmingpool;https://cf.bstatic.com/xdata/images/hotel/max1024x768/61567044.jpg?k=160a977d901a4d79d800e00d3a74033f41ee626da43411718bbe4697df4b23ff&o=&hp=1;6;;
hotel-living;https://cf.bstatic.com/xdata/images/hotel/max1280x900/28275173.jpg?k=57495c105b98f5f781d79b14821aa64bb0be092a4dcd075c4449bacb03bcfb00&o=&hp=1;6;;
glamping-bedroom;https://t-cf.bstatic.com/xdata/images/hotel/max1024x768/363478308.jpg?k=7a7390607eb73821bed3ea72049321b28c36949c261b2fa04423db94b8502a2f&o=&hp=1;7;;
glamping-domo;https://t-cf.bstatic.com/xdata/images/hotel/max1024x768/363478340.jpg?k=fabe26c5e0ac3fe1b0b6104d8d00cd4c47fe9b6e7d2fbcd6e212fc10b0de3e13&o=&hp=1;7;;
glamping-entry;https://t-cf.bstatic.com/xdata/images/hotel/max1024x768/363477982.jpg?k=904326db6780df39e2873423a2c7b61ccf5e54cb1d7ca0eddd7731e19b1f194f&o=&hp=1;7;;
glamping-bedroom2;https://t-cf.bstatic.com/xdata/images/hotel/max1024x768/363478310.jpg?k=14b9b31f822a0bb0afefd3724bc70fdf9c96fd8dd63916cc7c09d0d300a4b22f&o=&hp=1;7;;
glamping-domo2;https://t-cf.bstatic.com/xdata/images/hotel/max1024x768/363477980.jpg?k=1b2213dc70c9bbd4fdfbd4ef61b20fed4d3db55b26da9e1ece7f08aef92c11aa&o=&hp=1;7;;
hostel-breakfast;https://t-cf.bstatic.com/xdata/images/hotel/max1024x768/349761105.jpg?k=23ad6131e25420da0d4009bb7fbbfeedf2fc55391675b92aa0fbec022fa7ba47&o=&hp=1;8;;
hostel-livingroom;https://t-cf.bstatic.com/xdata/images/hotel/max1024x768/69918328.jpg?k=e5cebc437de6fe030f1a8b92a1afc9e77e5e71c183db97335a7bc9975c7f01f5&o=&hp=1;8;;
hostel-swimming-pool;https://t-cf.bstatic.com/xdata/images/hotel/max1024x768/69918251.jpg?k=203bc8fddcbea413c19c4f0d14646383b78fe9150657838d6c48b336d2817d8b&o=&hp=1;8;;
hostel-relax;https://t-cf.bstatic.com/xdata/images/hotel/max1024x768/69918389.jpg?k=e582c7cbbd14a4617e14b9d0c16209ae041170aa4458ac657c60f30cd079b773&o=&hp=1;8;;
hostel-gameroom;https://t-cf.bstatic.com/xdata/images/hotel/max1024x768/69918354.jpg?k=fd648080298482ea17ee80035cecbed684e735da021f8fa6796acaa846365b86&o=&hp=1;8;;
amerian-bedroom;https://www.amerian.com/admin/imgHabitaciones/RutaImag-6sar2.gif;9;;
amerian-livingroom;https://www.amerian.com/admin/imgHoteles/RutaImag-sf109.jpg;9;;
amerian-reception;https://www.amerian.com/admin/imgHoteles/RutaImag-6k8fw.jpg;9;;
amerian-bar;https://www.amerian.com/admin/imgObjetos/RutaImag-g1dh5.jpg;9;;
amerian-dinningroom;https://media.staticontent.com/media/pictures/f1f11e0d-5f30-4de6-b7f7-101a263abf01;9;;
pampas-resort-livingroom;https://t-cf.bstatic.com/xdata/images/hotel/max1024x768/33679850.jpg?k=1ddb5b93bea65d267048edd780496120ac5c48ff4c235861c96cc8fd7f1773ad&o=&hp=1;10;;
pampas-resort-swimmingpool;https://t-cf.bstatic.com/xdata/images/hotel/max1024x768/33679869.jpg?k=dd3ae1a22e8a669fbc23f916a1d13da8a8c3912659ce540665bff0a30476ab4f&o=&hp=1;10;;
pampas-resort-gym;https://t-cf.bstatic.com/xdata/images/hotel/max1024x768/148424387.jpg?k=5a77d8fcd2b77f55356f4096f43bc80c208bb8ff80c65c118cc1cda43d87cc58&o=&hp=1;10;;
pampas-resort-bedroom;https://q-xx.bstatic.com/xdata/images/hotel/max500/148424896.jpg?k=99793faa03469b52d622792dc2f46531270c7e123e1ae8e738ad4e9df2e8a681&o=;10;;
pampas-resort-swimmingpool2;https://www.hotelinfo.com.ar/hotel/1337634910_pampas_de_areco_18.jpg;10;;
hostel-sum;https://cf.bstatic.com/xdata/images/hotel/max1280x900/174628133.jpg?k=e655b16c31efd511b14a16d1b4bc77a1fe0a49e6c55ab434420e12d04b235f03&o=&hp=1;11;;
hostel-bedroom;https://cf.bstatic.com/xdata/images/hotel/max1024x768/174627999.jpg?k=bf1e9b35bb81372823e84200a2cba699907390b1317a62b8717855f9298ef7d4&o=&hp=1;11;;
hostel-kitchen;https://cf.bstatic.com/xdata/images/hotel/max1024x768/174628082.jpg?k=7173c7a3b115b440ea16e51394d8257877fe85c334d9a001f333531568a75541&o=&hp=1;11;;
hostel-garden;https://cf.bstatic.com/xdata/images/hotel/max1280x900/174628087.jpg?k=871ee00439d778258a91d11e3327dc8b985d4bb49490965e6f519dffd4f0ba58&o=&hp=1;11;;
hostel-drink;https://cf.bstatic.com/xdata/images/hotel/max1024x768/167732025.jpg?k=991d06bef1003a73070984507c1292840aba4803a0339437c8b861b0df48b661&o=&hp=1;11;;
glamping-green;https://cf.bstatic.com/xdata/images/hotel/max1024x768/178545551.jpg?k=a8e6ded2230f50410b121f89ad2c6e313d6ebf55bf464d292afc33aadf337bd3&o=&hp=1;12;;
glamping-breakfast;https://cf.bstatic.com/xdata/images/hotel/max1024x768/232110440.jpg?k=abb10a22dd9e557fdfd7298a1498755f105a84f9e52be64ac80ad1a36d66dc4b&o=&hp=1;12;;
glamping-bedroom;https://cf.bstatic.com/xdata/images/hotel/max1024x768/232107929.jpg?k=acaf0d9f96cd88ccb594d002753b508d1091041c9dc9ace46b452622b258727c&o=&hp=1;12;;
glamping-sky;https://cf.bstatic.com/xdata/images/hotel/max1024x768/177361250.jpg?k=a2b08800cbddadb3c4464f39a6a9d322f70fdab77678bff338af438f1c4bfbe0&o=&hp=1;12;;
glamping-night;https://cf.bstatic.com/xdata/images/hotel/max1024x768/232109926.jpg?k=7948bd1248d5cc4c81a3f6a19ec977504cd8d2f94da9beac43f4f04f40b08478&o=&hp=1;12;;
resort-outdoor;https://cf.bstatic.com/xdata/images/hotel/max1024x768/120846980.jpg?k=0a4302772ff985d9c02f5bd19b8727bcc6caa98e16c7e0804a344880c50fa733&o=&hp=1;13;;
resort-tennis;https://cf.bstatic.com/xdata/images/hotel/max1024x768/251253044.jpg?k=b8988f634893e8a0d3bd10f79ad3d827af4e227d0c07582ee764e84f96530f99&o=&hp=1;13;;
resort-golf;https://cf.bstatic.com/xdata/images/hotel/max1024x768/251253046.jpg?k=b832aa920530880314fd777704e77f21482fe886057cd32c52597cdfa07890dc&o=&hp=1;13;;
resort-bedroom;https://cf.bstatic.com/xdata/images/hotel/max1024x768/20270397.jpg?k=980d366a7a4027d66107cce76b39a07e59527706defc9d38cb3b2aeff32b5a50&o=&hp=1;13;;
resort-swimmingpool;https://cf.bstatic.com/xdata/images/hotel/max1024x768/184958418.jpg?k=4cbae3c1b25a810dd4f279458ecb5719ef0508862e4e455803d8ab1216f45ef9&o=&hp=1;13;;
hotel-window;https://media-cdn.tripadvisor.com/media/attractions-splice-spp-720x480/07/72/1a/ee.jpg;14;;
hotel-food;https://media-cdn.tripadvisor.com/media/attractions-splice-spp-720x480/07/72/1b/03.jpg;14;;
hotel-nature;https://media-cdn.tripadvisor.com/media/attractions-splice-spp-720x480/09/de/1e/a8.jpg;14;;
hotel-mountain;https://media-cdn.tripadvisor.com/media/attractions-splice-spp-720x480/07/72/1a/f6.jpg;14;;
hotel-bedroom;https://dynamic-media-cdn.tripadvisor.com/media/photo-o/15/ff/a2/86/hotel-spa-termas-cacheuta.jpg?w=1200&h=-1&s=1;14;;
glamping-domo;https://www.realdelpehuenche.com/assets/img/gallery/7.png;15;;
glamping-allDomos;https://www.realdelpehuenche.com/assets/img/gallery/11.png;15;;
glamping-domo2;https://glampingsouth.com/admin/wp-content/uploads/2018/11/ntre-Cielos-Luj%C3%A1n-de-Cuyo-Mendoza-1.jpg;15;;
glamping-domo3;https://glampingsouth.com/admin/wp-content/uploads/2020/05/alpasion-valle-de-uco-mendoza-1.jpg;15;;
glamping-esqui;https://www.realdelpehuenche.com/assets/img/gallery/3.png;15;;
sigrum-hostel-facade;https://dynamic-media-cdn.tripadvisor.com/media/partner/bookingcom/photo-o/1c/cb/8f/1d/facadeentrance.jpg?w=900&h=-1&s=1;16;;
sigrum-hostel-breakfast;https://scontent.fcor11-1.fna.fbcdn.net/v/t1.6435-9/70306927_2327742204208699_2763861976676302848_n.jpg?_nc_cat=110&ccb=1-7&_nc_sid=730e14&_nc_eui2=AeGYIt99LOg6KETBZMglDY5e5yRmHa6T_HnnJGYdrpP8efXlSrZ8Zx3Bzvq0m6uGUTP-ndwcNV0rl5GxqpNN8KwD&_nc_ohc=2PUJorI2IRUAX_EIeEj&tn=Mlu_lUhNdW5ZywVU&_nc_ht=scontent.fcor11-1.fna&oh=00_AT-w-AzG_KTaL3t3PdnHe_lEQOrrjCLlNLzFVHJcR86ddA&oe=62C54A15;16;;
sigrum-hostel-dinningroom;https://scontent.fcor11-1.fna.fbcdn.net/v/t1.6435-9/69996860_2327742090875377_3498383267843801088_n.jpg?_nc_cat=110&ccb=1-7&_nc_sid=730e14&_nc_eui2=AeE18w0-_vEHIZkqIb6X823c_cuckrD1jMX9y5ySsPWMxWgqPQt68Pcf9XzXPUEWJsSWiDPFA4U8zWQs_FrWYpIJ&_nc_ohc=4G-gzJUh7xsAX9cjvZa&_nc_ht=scontent.fcor11-1.fna&oh=00_AT9O8BzRsTbxTHl7XUiPUM6Q21gyRKiLWA5OfjprMZKD5A&oe=62C33E20;16;;
sigrum-hostel-bedroom;https://q-xx.bstatic.com/xdata/images/hotel/max500/287319841.jpg?k=8765de44436f17d67dbba68a1661290a7b6fe03d7e9d680870f494f998d620a5&o=;16;;
sigrum-hostel-livingroom;https://www.welcomeargentina.com/plantillas/62597-05Li.jpg;16;;
;;;;
;;;;
;;;;
;;;;
;;;;
;;;;
;;;;
;;;;
;;;;
;;;;
;;;;
;;;;
;;;;
;;;;
;;;;
;;;;
;;;;
;;;;
;;;;
;;;;
;;;;
;;;;
;;;;
;;;;
;;;;
;;;;
;;;;
;;;;
;;;;
;;;;
;;;;
;;;;
;;;;
;;;;
;;;;
;;;;
;;;;
;;;;
;;;;
;;;;
;;;;
;;;;
;;;;
;;;;
;;;;
;;;;
;;;;
;;;;
;;;;
;;;;
;;;;
;;;;
;;;;
;;;;
;;;;
;;;;
;;;;
;;;;
;;;;
;;;;
;;;;
;;;;
;;;;
;;;;
;;;;
;;;;
;;;;
;;;;
;;;;
;;;;
;;;;
;;;;
;;;;
;;;;
;;;;
;;;;
;;;;
;;;;
;;;;
;;;;
;;;;
;;;;
;;;;
;;;;
;;;;
;;;;
;;;;
;;;;
;;;;
;;;;
;;;;
;;;;
;;;;
;;;;
;;;;
;;;;
;;;;
;;;;
;;;;
;;;;
;;;;
;;;;
;;;;
;;;;
;;;;
;;;;
;;;;
;;;;
;;;;
;;;;
;;;;
;;;;
;;;;
;;;;
;;;;
;;;;
;;;;
;;;;
;;;;
;;;;
;;;;
;;;;
;;;;
;;;;
;;;;
;;;;
;;;;
;;;;
;;;;
;;;;
;;;;
;;;;
;;;;
;;;;
;;;;
;;;;
;;;;
;;;;
;;;;
;;;;
;;;;
;;;;
;;;;
;;;;
;;;;
;;;;
;;;;
;;;;
;;;;
;;;;
;;;;
;;;;
;;;;
;;;;
;;;;
;;;;
;;;;
;;;;
;;;;
;;;;
;;;;
;;;;
;;;;
;;;;
;;;;
;;;;
;;;;
;;;;
;;;;
;;;;
;;;;
;;;;
;;;;
;;;;
;;;;
;;;;
;;;;
;;;;
;;;;
;;;;
;;;;
;;;;
;;;;
;;;;
;;;;
;;;;
;;;;
;;;;
;;;;
;;;;
;;;;
;;;;
;;;;
;;;;
;;;;
;;;;
;;;;
;;;;
;;;;
;;;;
;;;;
;;;;
;;;;
;;;;
;;;;
;;;;
;;;;
;;;;
;;;;
;;;;
;;;;
;;;;
;;;;
;;;;
;;;;
;;;;
;;;;
;;;;
;;;;
;;;;
;;;;
;;;;
;;;;
;;;;
;;;;
;;;;
;;;;
;;;;
;;;;
;;;;
;;;;
;;;;
;;;;
;;;;
;;;;
;;;;
;;;;
;;;;
;;;;
;;;;
;;;;
;;;;
;;;;
;;;;
;;;;
;;;;
;;;;
;;;;
;;;;
;;;;
;;;;
;;;;
;;;;
;;;;
;;;;
;;;;
;;;;
;;;;
;;;;
;;;;
;;;;
;;;;
;;;;
;;;;
;;;;
;;;;
;;;;
;;;;
;;;;
;;;;
;;;;
;;;;
;;;;
;;;;
;;;;
;;;;
;;;;
;;;;
;;;;
;;;;
;;;;
;;;;
;;;;
;;;;
;;;;
;;;;
;;;;
;;;;
;;;;
;;;;
;;;;
;;;;
;;;;
;;;;
;;;;
;;;;
;;;;
;;;;
;;;;
;;;;
;;;;
;;;;
;;;;
;;;;
;;;;
;;;;
;;;;
;;;;
;;;;
;;;;
;;;;
;;;;
;;;;
;;;;
;;;;
;;;;
;;;;
;;;;
;;;;
;;;;
;;;;
;;;;
;;;;
;;;;
;;;;
;;;;
;;;;
;;;;
;;;;
;;;;
;;;;
;;;;
;;;;
;;;;
;;;;
;;;;
;;;;
;;;;
;;;;
;;;;
;;;;
;;;;
;;;;
;;;;
;;;;
;;;;
;;;;
;;;;
;;;;
;;;;
;;;;
;;;;
;;;;
;;;;
;;;;
;;;;
;;;;
;;;;
;;;;
;;;;
;;;;
;;;;
;;;;
;;;;
;;;;
;;;;
;;;;
;;;;
;;;;
;;;;
;;;;
;;;;
;;;;
;;;;
;;;;
;;;;
;;;;
;;;;
;;;;
;;;;
;;;;
;;;;
;;;;
;;;;
;;;;
;;;;
;;;;
;;;;
;;;;
;;;;
;;;;
;;;;
;;;;
;;;;
;;;;
;;;;
;;;;
;;;;
;;;;
;;;;
;;;;
;;;;
;;;;
;;;;
;;;;
;;;;
;;;;
;;;;
;;;;
;;;;
;;;;
;;;;
;;;;
;;;;
;;;;
;;;;
;;;;
;;;;
;;;;
;;;;
;;;;
;;;;
;;;;
;;;;
;;;;
;;;;
;;;;
;;;;
;;;;
;;;;
;;;;
;;;;
;;;;
;;;;
;;;;
;;;;
;;;;
;;;;
;;;;
;;;;
;;;;
;;;;
;;;;
;;;;
;;;;
;;;;
;;;;
;;;;
;;;;
;;;;
;;;;
;;;;
;;;;
;;;;
;;;;
;;;;
;;;;
;;;;
;;;;
;;;;
;;;;
;;;;
;;;;
;;;;
;;;;
;;;;
;;;;
;;;;
;;;;
;;;;
;;;;
;;;;
;;;;
;;;;
;;;;
;;;;
;;;;
;;;;
;;;;
;;;;
;;;;
;;;;
;;;;
;;;;
;;;;
;;;;
;;;;
;;;;
;;;;
;;;;
;;;;
;;;;
;;;;
;;;;
;;;;
;;;;
;;;;
;;;;
;;;;
;;;;
;;;;
;;;;
;;;;
;;;;
;;;;
;;;;
;;;;
;;;;
;;;;
;;;;
;;;;
;;;;
;;;;
;;;;
;;;;
;;;;
;;;;
;;;;
;;;;
;;;;
;;;;
;;;;
;;;;
;;;;
;;;;
;;;;
;;;;
;;;;
;;;;
;;;;
;;;;
;;;;
;;;;
;;;;
;;;;
;;;;
;;;;
;;;;
;;;;
;;;;
;;;;
;;;;
;;;;
;;;;
;;;;
;;;;
;;;;
;;;;
;;;;
;;;;
;;;;
;;;;
;;;;
;;;;
;;;;
;;;;
;;;;
;;;;
;;;;
;;;;
;;;;
;;;;
;;;;
;;;;
;;;;
;;;;
;;;;
;;;;
;;;;
;;;;
;;;;
;;;;
;;;;
;;;;
;;;;
;;;;
;;;;
;;;;
;;;;
;;;;
;;;;
;;;;
;;;;
;;;;
;;;;
;;;;
;;;;
;;;;
;;;;
;;;;
;;;;
;;;;
;;;;
;;;;
;;;;
;;;;
;;;;
;;;;
;;;;
;;;;
;;;;
;;;;
;;;;
;;;;
;;;;
;;;;
;;;;
;;;;
;;;;
;;;;
;;;;
;;;;
;;;;
;;;;
;;;;
;;;;
;;;;
;;;;
;;;;
;;;;
;;;;
;;;;
;;;;
;;;;
;;;;
;;;;
;;;;
;;;;
;;;;
;;;;
;;;;
;;;;
;;;;
;;;;
;;;;
;;;;
;;;;
;;;;
;;;;
;;;;
;;;;
;;;;
;;;;
;;;;
;;;;
;;;;
;;;;
;;;;
;;;;
;;;;
;;;;
;;;;
;;;;
;;;;
;;;;
;;;;
;;;;
;;;;
;;;;
;;;;
;;;;
;;;;
;;;;
;;;;
;;;;
;;;;
;;;;
;;;;
;;;;
;;;;
;;;;
;;;;
;;;;
;;;;
;;;;
;;;;
;;;;
;;;;
;;;;
;;;;
;;;;
;;;;
;;;;
;;;;
;;;;
;;;;
;;;;
;;;;
;;;;
;;;;
;;;;
;;;;
;;;;
;;;;
;;;;
;;;;
;;;;
;;;;
;;;;
;;;;
;;;;
;;;;
;;;;
;;;;
;;;;
;;;;
;;;;
;;;;
;;;;
;;;;
;;;;
;;;;
;;;;
;;;;
;;;;
;;;;
;;;;
;;;;
;;;;
;;;;
;;;;
;;;;
;;;;
;;;;
;;;;
;;;;
;;;;
;;;;
;;;;
;;;;
;;;;
;;;;
;;;;
;;;;
;;;;
;;;;
;;;;
;;;;
;;;;
;;;;
;;;;
;;;;
;;;;
;;;;
;;;;
;;;;
;;;;
;;;;
;;;;
;;;;
;;;;
;;;;
;;;;
;;;;
;;;;
;;;;
;;;;
;;;;
;;;;
;;;;
;;;;
;;;;
;;;;
;;;;
;;;;
;;;;
;;;;
;;;;
;;;;
;;;;
;;;;
;;;;
;;;;
;;;;
;;;;
;;;;
;;;;
;;;;
;;;;
;;;;
;;;;
;;;;
;;;;
;;;;
;;;;
;;;;
;;;;
;;;;
;;;;
;;;;
;;;;
;;;;
;;;;
;;;;
;;;;
;;;;
;;;;
;;;;
